{
  "util_libs.git": 3.0212340354919434, 
  "seL4.git": 3.8261239528656006, 
  "seL4_tools.git": 3.0602519512176514, 
  "sel4test.git": 2.893568992614746, 
  "musllibc.git": 3.485830068588257, 
  "seL4_libs.git": 3.2023870944976807
}